date,vendorCode,title,category,sales,profit,ads,stock
2026-01-10,WB-1001,Power Blender X,Kitchen,18147,2232,1835,386
2026-01-10,WB-1002,Air Fryer Pro 5L,Kitchen,21219,-39,2783,817
2026-01-10,WB-2001,Vitamin D3 2000IU,Health,9332,-88,1313,629
2026-01-10,WB-2002,Omega-3 Ultra,Health,13070,-730,2558,833
2026-01-10,WB-3001,Yoga Mat Grip+,Sport,11273,-3,2397,629
2026-01-10,WB-3002,Resistance Bands Set,Sport,13800,2358,1193,534
2026-01-10,WB-4001,LED Desk Lamp Slim,Home,6045,440,583,1497
2026-01-10,WB-4002,Organizer Box Set,Home,6250,380,1008,911
2026-01-11,WB-1001,Power Blender X,Kitchen,18601,758,1651,518
2026-01-11,WB-1002,Air Fryer Pro 5L,Kitchen,20273,616,2835,894
2026-01-11,WB-2001,Vitamin D3 2000IU,Health,11606,1452,1415,1566
2026-01-11,WB-2002,Omega-3 Ultra,Health,9850,429,1580,1837
2026-01-11,WB-3001,Yoga Mat Grip+,Sport,10445,1635,1256,383
2026-01-11,WB-3002,Resistance Bands Set,Sport,8484,-353,1578,710
2026-01-11,WB-4001,LED Desk Lamp Slim,Home,4742,327,822,1176
2026-01-11,WB-4002,Organizer Box Set,Home,8839,948,1095,1204
2026-01-12,WB-1001,Power Blender X,Kitchen,19006,2101,2734,1250
2026-01-12,WB-1002,Air Fryer Pro 5L,Kitchen,17673,-764,3057,1009
2026-01-12,WB-2001,Vitamin D3 2000IU,Health,13235,430,2898,928
2026-01-12,WB-2002,Omega-3 Ultra,Health,11040,-551,1916,1201
2026-01-12,WB-3001,Yoga Mat Grip+,Sport,6908,229,665,956
2026-01-12,WB-3002,Resistance Bands Set,Sport,6664,452,764,1046
2026-01-12,WB-4001,LED Desk Lamp Slim,Home,4944,321,706,1586
2026-01-12,WB-4002,Organizer Box Set,Home,8564,-311,1721,968
2026-01-13,WB-1001,Power Blender X,Kitchen,16220,1126,3305,464
2026-01-13,WB-1002,Air Fryer Pro 5L,Kitchen,13920,625,1565,795
2026-01-13,WB-2001,Vitamin D3 2000IU,Health,12748,50,1488,1135
2026-01-13,WB-2002,Omega-3 Ultra,Health,10901,1234,1736,1553
2026-01-13,WB-3001,Yoga Mat Grip+,Sport,9097,561,1514,327
2026-01-13,WB-3002,Resistance Bands Set,Sport,11517,815,2178,982
2026-01-13,WB-4001,LED Desk Lamp Slim,Home,6472,4,879,1257
2026-01-13,WB-4002,Organizer Box Set,Home,4855,310,434,634
2026-01-14,WB-1001,Power Blender X,Kitchen,15984,522,1396,464
2026-01-14,WB-1002,Air Fryer Pro 5L,Kitchen,12978,-87,1698,1180
2026-01-14,WB-2001,Vitamin D3 2000IU,Health,12958,771,1306,1024
2026-01-14,WB-2002,Omega-3 Ultra,Health,10858,1722,1055,2019
2026-01-14,WB-3001,Yoga Mat Grip+,Sport,8785,-122,1297,369
2026-01-14,WB-3002,Resistance Bands Set,Sport,8008,1085,937,422
2026-01-14,WB-4001,LED Desk Lamp Slim,Home,4663,-39,993,613
2026-01-14,WB-4002,Organizer Box Set,Home,7211,870,604,1711
2026-01-15,WB-1001,Power Blender X,Kitchen,22577,-353,4006,678
2026-01-15,WB-1002,Air Fryer Pro 5L,Kitchen,13804,236,2596,1086
2026-01-15,WB-2001,Vitamin D3 2000IU,Health,10569,1465,1175,2006
2026-01-15,WB-2002,Omega-3 Ultra,Health,14962,869,2885,1629
2026-01-15,WB-3001,Yoga Mat Grip+,Sport,7278,178,1109,305
2026-01-15,WB-3002,Resistance Bands Set,Sport,6026,256,717,889
2026-01-15,WB-4001,LED Desk Lamp Slim,Home,9236,1176,1317,1724
2026-01-15,WB-4002,Organizer Box Set,Home,9229,224,1209,719
2026-01-16,WB-1001,Power Blender X,Kitchen,16305,1814,1770,1206
2026-01-16,WB-1002,Air Fryer Pro 5L,Kitchen,25632,1982,3771,1106
2026-01-16,WB-2001,Vitamin D3 2000IU,Health,9788,911,1688,1694
2026-01-16,WB-2002,Omega-3 Ultra,Health,16216,27,2382,1705
2026-01-16,WB-3001,Yoga Mat Grip+,Sport,9136,761,1755,628
2026-01-16,WB-3002,Resistance Bands Set,Sport,9635,226,2047,429
2026-01-16,WB-4001,LED Desk Lamp Slim,Home,5948,973,601,1484
2026-01-16,WB-4002,Organizer Box Set,Home,6056,491,1185,1287
2026-01-17,WB-1001,Power Blender X,Kitchen,18532,-293,2906,329
2026-01-17,WB-1002,Air Fryer Pro 5L,Kitchen,27523,916,4705,1239
2026-01-17,WB-2001,Vitamin D3 2000IU,Health,13160,660,2658,815
2026-01-17,WB-2002,Omega-3 Ultra,Health,11402,428,1379,1393
2026-01-17,WB-3001,Yoga Mat Grip+,Sport,8606,20,1193,1080
2026-01-17,WB-3002,Resistance Bands Set,Sport,9290,642,1339,1075
2026-01-17,WB-4001,LED Desk Lamp Slim,Home,7602,-61,1584,1122
2026-01-17,WB-4002,Organizer Box Set,Home,8182,883,675,661
2026-01-18,WB-1001,Power Blender X,Kitchen,11749,-520,2254,783
2026-01-18,WB-1002,Air Fryer Pro 5L,Kitchen,20837,297,3290,828
2026-01-18,WB-2001,Vitamin D3 2000IU,Health,12465,-657,2365,1352
2026-01-18,WB-2002,Omega-3 Ultra,Health,9887,1234,1174,1271
2026-01-18,WB-3001,Yoga Mat Grip+,Sport,9388,748,1749,670
2026-01-18,WB-3002,Resistance Bands Set,Sport,9708,497,1463,889
2026-01-18,WB-4001,LED Desk Lamp Slim,Home,6766,283,1046,1662
2026-01-18,WB-4002,Organizer Box Set,Home,7976,543,1616,762
2026-01-19,WB-1001,Power Blender X,Kitchen,18749,794,3975,450
2026-01-19,WB-1002,Air Fryer Pro 5L,Kitchen,13232,-135,1877,553
2026-01-19,WB-2001,Vitamin D3 2000IU,Health,8414,604,1461,1871
2026-01-19,WB-2002,Omega-3 Ultra,Health,9097,413,1639,710
2026-01-19,WB-3001,Yoga Mat Grip+,Sport,11411,-687,2458,1118
2026-01-19,WB-3002,Resistance Bands Set,Sport,8359,1088,1238,1012
2026-01-19,WB-4001,LED Desk Lamp Slim,Home,5341,332,749,867
2026-01-19,WB-4002,Organizer Box Set,Home,5509,611,686,445
2026-01-20,WB-1001,Power Blender X,Kitchen,18681,-350,2646,643
2026-01-20,WB-1002,Air Fryer Pro 5L,Kitchen,19561,-418,2967,1290
2026-01-20,WB-2001,Vitamin D3 2000IU,Health,14422,-1142,3115,898
2026-01-20,WB-2002,Omega-3 Ultra,Health,8132,-209,1537,689
2026-01-20,WB-3001,Yoga Mat Grip+,Sport,8510,370,1766,507
2026-01-20,WB-3002,Resistance Bands Set,Sport,6791,17,1417,896
2026-01-20,WB-4001,LED Desk Lamp Slim,Home,4988,708,439,981
2026-01-20,WB-4002,Organizer Box Set,Home,4904,50,1036,1478
2026-01-21,WB-1001,Power Blender X,Kitchen,12755,-882,2549,1169
2026-01-21,WB-1002,Air Fryer Pro 5L,Kitchen,17417,1411,2220,1232
2026-01-21,WB-2001,Vitamin D3 2000IU,Health,10050,1068,985,857
2026-01-21,WB-2002,Omega-3 Ultra,Health,8719,222,894,800
2026-01-21,WB-3001,Yoga Mat Grip+,Sport,7815,929,958,535
2026-01-21,WB-3002,Resistance Bands Set,Sport,9000,635,944,295
2026-01-21,WB-4001,LED Desk Lamp Slim,Home,5777,896,474,1147
2026-01-21,WB-4002,Organizer Box Set,Home,5478,674,802,560
2026-01-22,WB-1001,Power Blender X,Kitchen,22018,1292,3093,1141
2026-01-22,WB-1002,Air Fryer Pro 5L,Kitchen,16652,1317,2513,1287
2026-01-22,WB-2001,Vitamin D3 2000IU,Health,10678,390,2098,1469
2026-01-22,WB-2002,Omega-3 Ultra,Health,11199,1,1440,689
2026-01-22,WB-3001,Yoga Mat Grip+,Sport,6295,-143,1156,423
2026-01-22,WB-3002,Resistance Bands Set,Sport,6382,392,1262,870
2026-01-22,WB-4001,LED Desk Lamp Slim,Home,5931,314,675,1026
2026-01-22,WB-4002,Organizer Box Set,Home,5321,105,757,1689
2026-01-23,WB-1001,Power Blender X,Kitchen,27548,70,4313,1271
2026-01-23,WB-1002,Air Fryer Pro 5L,Kitchen,17940,-174,2330,692
2026-01-23,WB-2001,Vitamin D3 2000IU,Health,13555,24,2038,1267
2026-01-23,WB-2002,Omega-3 Ultra,Health,9017,157,1054,1105
2026-01-23,WB-3001,Yoga Mat Grip+,Sport,7029,601,584,484
2026-01-23,WB-3002,Resistance Bands Set,Sport,10970,943,1690,858
2026-01-23,WB-4001,LED Desk Lamp Slim,Home,9267,-191,1881,850
2026-01-23,WB-4002,Organizer Box Set,Home,10781,1454,1088,1269
2026-01-24,WB-1001,Power Blender X,Kitchen,14089,927,2774,936
2026-01-24,WB-1002,Air Fryer Pro 5L,Kitchen,24088,-1238,4666,833
2026-01-24,WB-2001,Vitamin D3 2000IU,Health,13842,718,2725,1762
2026-01-24,WB-2002,Omega-3 Ultra,Health,14612,354,2995,1557
2026-01-24,WB-3001,Yoga Mat Grip+,Sport,8393,477,708,597
2026-01-24,WB-3002,Resistance Bands Set,Sport,7487,92,1475,832
2026-01-24,WB-4001,LED Desk Lamp Slim,Home,8761,202,1535,424
2026-01-24,WB-4002,Organizer Box Set,Home,9727,153,1797,1126
2026-01-25,WB-1001,Power Blender X,Kitchen,20007,2974,1785,564
2026-01-25,WB-1002,Air Fryer Pro 5L,Kitchen,12638,1511,1480,518
2026-01-25,WB-2001,Vitamin D3 2000IU,Health,14014,-245,3035,1079
2026-01-25,WB-2002,Omega-3 Ultra,Health,11823,792,2077,1440
2026-01-25,WB-3001,Yoga Mat Grip+,Sport,9899,522,899,503
2026-01-25,WB-3002,Resistance Bands Set,Sport,10532,929,1291,290
2026-01-25,WB-4001,LED Desk Lamp Slim,Home,4847,532,570,1333
2026-01-25,WB-4002,Organizer Box Set,Home,7860,644,948,1033
2026-01-26,WB-1001,Power Blender X,Kitchen,17575,2924,1697,512
2026-01-26,WB-1002,Air Fryer Pro 5L,Kitchen,24024,-2119,5070,769
2026-01-26,WB-2001,Vitamin D3 2000IU,Health,14687,-346,3165,903
2026-01-26,WB-2002,Omega-3 Ultra,Health,9562,-560,2030,1385
2026-01-26,WB-3001,Yoga Mat Grip+,Sport,6742,802,1034,396
2026-01-26,WB-3002,Resistance Bands Set,Sport,11017,1219,1666,898
2026-01-26,WB-4001,LED Desk Lamp Slim,Home,5683,-44,1168,452
2026-01-26,WB-4002,Organizer Box Set,Home,4567,198,679,818
2026-01-27,WB-1001,Power Blender X,Kitchen,13472,571,1726,1146
2026-01-27,WB-1002,Air Fryer Pro 5L,Kitchen,11721,811,2169,433
2026-01-27,WB-2001,Vitamin D3 2000IU,Health,15581,1316,2801,936
2026-01-27,WB-2002,Omega-3 Ultra,Health,10926,1582,1475,1397
2026-01-27,WB-3001,Yoga Mat Grip+,Sport,8122,196,1136,322
2026-01-27,WB-3002,Resistance Bands Set,Sport,6490,-201,1277,1103
2026-01-27,WB-4001,LED Desk Lamp Slim,Home,5771,488,676,670
2026-01-27,WB-4002,Organizer Box Set,Home,6379,303,1364,1491
2026-01-28,WB-1001,Power Blender X,Kitchen,19649,1231,4084,858
2026-01-28,WB-1002,Air Fryer Pro 5L,Kitchen,20766,3120,1805,761
2026-01-28,WB-2001,Vitamin D3 2000IU,Health,14122,-61,2403,565
2026-01-28,WB-2002,Omega-3 Ultra,Health,15584,1523,1524,1019
2026-01-28,WB-3001,Yoga Mat Grip+,Sport,7725,716,1417,508
2026-01-28,WB-3002,Resistance Bands Set,Sport,9982,869,1218,627
2026-01-28,WB-4001,LED Desk Lamp Slim,Home,5369,271,551,1615
2026-01-28,WB-4002,Organizer Box Set,Home,6985,1078,773,1735
2026-01-29,WB-1001,Power Blender X,Kitchen,17369,890,1728,404
2026-01-29,WB-1002,Air Fryer Pro 5L,Kitchen,16008,1049,1484,570
2026-01-29,WB-2001,Vitamin D3 2000IU,Health,12584,450,2569,1125
2026-01-29,WB-2002,Omega-3 Ultra,Health,11276,304,1729,1010
2026-01-29,WB-3001,Yoga Mat Grip+,Sport,6240,973,741,390
2026-01-29,WB-3002,Resistance Bands Set,Sport,9021,811,1516,470
2026-01-29,WB-4001,LED Desk Lamp Slim,Home,5878,407,674,1008
2026-01-29,WB-4002,Organizer Box Set,Home,9224,562,1833,448
2026-01-30,WB-1001,Power Blender X,Kitchen,13922,1169,2496,783
2026-01-30,WB-1002,Air Fryer Pro 5L,Kitchen,21963,2254,1757,1232
2026-01-30,WB-2001,Vitamin D3 2000IU,Health,16945,1284,3385,872
2026-01-30,WB-2002,Omega-3 Ultra,Health,10023,1022,1018,1540
2026-01-30,WB-3001,Yoga Mat Grip+,Sport,13548,577,2452,953
2026-01-30,WB-3002,Resistance Bands Set,Sport,10040,-309,1578,968
2026-01-30,WB-4001,LED Desk Lamp Slim,Home,6543,94,1366,820
2026-01-30,WB-4002,Organizer Box Set,Home,5953,634,686,1342
2026-01-31,WB-1001,Power Blender X,Kitchen,15079,1720,1354,892
2026-01-31,WB-1002,Air Fryer Pro 5L,Kitchen,19078,2001,2123,325
2026-01-31,WB-2001,Vitamin D3 2000IU,Health,11882,1532,1716,1482
2026-01-31,WB-2002,Omega-3 Ultra,Health,17507,193,2565,870
2026-01-31,WB-3001,Yoga Mat Grip+,Sport,13687,-129,2445,299
2026-01-31,WB-3002,Resistance Bands Set,Sport,10337,132,1803,506
2026-01-31,WB-4001,LED Desk Lamp Slim,Home,8993,-478,1884,465
2026-01-31,WB-4002,Organizer Box Set,Home,7137,644,991,681
2026-02-01,WB-1001,Power Blender X,Kitchen,21743,376,3989,518
2026-02-01,WB-1002,Air Fryer Pro 5L,Kitchen,23920,3051,2957,543
2026-02-01,WB-2001,Vitamin D3 2000IU,Health,9660,-185,1801,1955
2026-02-01,WB-2002,Omega-3 Ultra,Health,11964,593,1270,1132
2026-02-01,WB-3001,Yoga Mat Grip+,Sport,10041,-695,2136,626
2026-02-01,WB-3002,Resistance Bands Set,Sport,7191,-528,1555,325
2026-02-01,WB-4001,LED Desk Lamp Slim,Home,4844,623,654,1586
2026-02-01,WB-4002,Organizer Box Set,Home,8140,403,1787,854
2026-02-02,WB-1001,Power Blender X,Kitchen,14037,398,2962,346
2026-02-02,WB-1002,Air Fryer Pro 5L,Kitchen,20071,940,2669,643
2026-02-02,WB-2001,Vitamin D3 2000IU,Health,9221,778,741,1031
2026-02-02,WB-2002,Omega-3 Ultra,Health,15826,2800,1540,809
2026-02-02,WB-3001,Yoga Mat Grip+,Sport,8096,458,1578,660
2026-02-02,WB-3002,Resistance Bands Set,Sport,6160,205,901,1089
2026-02-02,WB-4001,LED Desk Lamp Slim,Home,5495,729,719,459
2026-02-02,WB-4002,Organizer Box Set,Home,6562,322,1270,473
2026-02-03,WB-1001,Power Blender X,Kitchen,12139,2166,1077,569
2026-02-03,WB-1002,Air Fryer Pro 5L,Kitchen,21115,-665,4345,584
2026-02-03,WB-2001,Vitamin D3 2000IU,Health,15844,-70,2636,1593
2026-02-03,WB-2002,Omega-3 Ultra,Health,10458,21,1240,1653
2026-02-03,WB-3001,Yoga Mat Grip+,Sport,11623,1187,1961,301
2026-02-03,WB-3002,Resistance Bands Set,Sport,7323,926,1073,1119
2026-02-03,WB-4001,LED Desk Lamp Slim,Home,6443,475,741,1071
2026-02-03,WB-4002,Organizer Box Set,Home,9097,1299,960,1394
2026-02-04,WB-1001,Power Blender X,Kitchen,22066,639,4152,639
2026-02-04,WB-1002,Air Fryer Pro 5L,Kitchen,15726,1801,2054,393
2026-02-04,WB-2001,Vitamin D3 2000IU,Health,9457,-243,1753,589
2026-02-04,WB-2002,Omega-3 Ultra,Health,8084,119,1272,1999
2026-02-04,WB-3001,Yoga Mat Grip+,Sport,11415,-637,2491,353
2026-02-04,WB-3002,Resistance Bands Set,Sport,6457,541,967,673
2026-02-04,WB-4001,LED Desk Lamp Slim,Home,5697,461,788,1309
2026-02-04,WB-4002,Organizer Box Set,Home,8215,228,1631,579
2026-02-05,WB-1001,Power Blender X,Kitchen,22294,1997,2700,684
2026-02-05,WB-1002,Air Fryer Pro 5L,Kitchen,20999,1086,2265,557
2026-02-05,WB-2001,Vitamin D3 2000IU,Health,9087,80,1851,992
2026-02-05,WB-2002,Omega-3 Ultra,Health,11126,-196,2435,846
2026-02-05,WB-3001,Yoga Mat Grip+,Sport,10943,1172,1876,370
2026-02-05,WB-3002,Resistance Bands Set,Sport,8841,528,1721,1084
2026-02-05,WB-4001,LED Desk Lamp Slim,Home,4747,86,574,670
2026-02-05,WB-4002,Organizer Box Set,Home,9317,998,1506,911
2026-02-06,WB-1001,Power Blender X,Kitchen,26005,487,3715,1084
2026-02-06,WB-1002,Air Fryer Pro 5L,Kitchen,27158,3275,2574,928
2026-02-06,WB-2001,Vitamin D3 2000IU,Health,11072,122,1457,804
2026-02-06,WB-2002,Omega-3 Ultra,Health,11432,690,1873,803
2026-02-06,WB-3001,Yoga Mat Grip+,Sport,6809,700,856,442
2026-02-06,WB-3002,Resistance Bands Set,Sport,8989,1247,975,762
2026-02-06,WB-4001,LED Desk Lamp Slim,Home,5589,498,526,1146
2026-02-06,WB-4002,Organizer Box Set,Home,8834,472,819,1337
2026-02-07,WB-1001,Power Blender X,Kitchen,19392,961,2320,1258
2026-02-07,WB-1002,Air Fryer Pro 5L,Kitchen,17981,321,2864,727
2026-02-07,WB-2001,Vitamin D3 2000IU,Health,17318,-714,3801,793
2026-02-07,WB-2002,Omega-3 Ultra,Health,16002,199,1736,1878
2026-02-07,WB-3001,Yoga Mat Grip+,Sport,9797,-95,1908,1056
2026-02-07,WB-3002,Resistance Bands Set,Sport,10066,197,1034,765
2026-02-07,WB-4001,LED Desk Lamp Slim,Home,8842,-646,1833,1241
2026-02-07,WB-4002,Organizer Box Set,Home,7322,-52,1102,793
2026-02-08,WB-1001,Power Blender X,Kitchen,18266,-1318,3828,800
2026-02-08,WB-1002,Air Fryer Pro 5L,Kitchen,21840,-1392,4703,440
2026-02-08,WB-2001,Vitamin D3 2000IU,Health,15721,-303,3404,572
2026-02-08,WB-2002,Omega-3 Ultra,Health,15579,2031,2092,1445
2026-02-08,WB-3001,Yoga Mat Grip+,Sport,11044,1582,1131,475
2026-02-08,WB-3002,Resistance Bands Set,Sport,8398,455,1666,441
2026-02-08,WB-4001,LED Desk Lamp Slim,Home,5618,376,763,926
2026-02-08,WB-4002,Organizer Box Set,Home,5152,625,590,1604
2026-02-09,WB-1001,Power Blender X,Kitchen,12217,1007,1939,352
2026-02-09,WB-1002,Air Fryer Pro 5L,Kitchen,22261,2659,2147,859
2026-02-09,WB-2001,Vitamin D3 2000IU,Health,13067,841,1605,1387
2026-02-09,WB-2002,Omega-3 Ultra,Health,11376,219,1959,1165
2026-02-09,WB-3001,Yoga Mat Grip+,Sport,5997,190,999,487
2026-02-09,WB-3002,Resistance Bands Set,Sport,10660,44,2016,438
2026-02-09,WB-4001,LED Desk Lamp Slim,Home,6868,313,652,988
2026-02-09,WB-4002,Organizer Box Set,Home,4999,298,709,473
2026-02-10,WB-1001,Power Blender X,Kitchen,19719,2876,1804,1084
2026-02-10,WB-1002,Air Fryer Pro 5L,Kitchen,18144,2051,1589,689
2026-02-10,WB-2001,Vitamin D3 2000IU,Health,15787,2496,1563,2024
2026-02-10,WB-2002,Omega-3 Ultra,Health,13949,-600,2707,2001
2026-02-10,WB-3001,Yoga Mat Grip+,Sport,8948,471,1914,425
2026-02-10,WB-3002,Resistance Bands Set,Sport,10816,-862,2274,588
2026-02-10,WB-4001,LED Desk Lamp Slim,Home,8255,1331,843,782
2026-02-10,WB-4002,Organizer Box Set,Home,8546,857,855,1634
2026-02-11,WB-1001,Power Blender X,Kitchen,14324,1205,1673,630
2026-02-11,WB-1002,Air Fryer Pro 5L,Kitchen,12164,490,1283,1242
2026-02-11,WB-2001,Vitamin D3 2000IU,Health,13509,-788,2774,1698
2026-02-11,WB-2002,Omega-3 Ultra,Health,8766,592,1352,1044
2026-02-11,WB-3001,Yoga Mat Grip+,Sport,11349,625,1790,1056
2026-02-11,WB-3002,Resistance Bands Set,Sport,6509,11,1425,626
2026-02-11,WB-4001,LED Desk Lamp Slim,Home,8458,1365,990,1182
2026-02-11,WB-4002,Organizer Box Set,Home,6315,23,1181,653
2026-02-12,WB-1001,Power Blender X,Kitchen,21069,3464,1827,566
2026-02-12,WB-1002,Air Fryer Pro 5L,Kitchen,19754,-78,4301,972
2026-02-12,WB-2001,Vitamin D3 2000IU,Health,10426,471,836,720
2026-02-12,WB-2002,Omega-3 Ultra,Health,12974,798,1823,1869
2026-02-12,WB-3001,Yoga Mat Grip+,Sport,6681,752,747,299
2026-02-12,WB-3002,Resistance Bands Set,Sport,5866,43,760,594
2026-02-12,WB-4001,LED Desk Lamp Slim,Home,5648,297,913,689
2026-02-12,WB-4002,Organizer Box Set,Home,7607,-37,1114,1656
2026-02-13,WB-1001,Power Blender X,Kitchen,16984,585,1713,946
2026-02-13,WB-1002,Air Fryer Pro 5L,Kitchen,26079,-135,4942,576
2026-02-13,WB-2001,Vitamin D3 2000IU,Health,9081,360,1546,1029
2026-02-13,WB-2002,Omega-3 Ultra,Health,15206,1943,2161,1619
2026-02-13,WB-3001,Yoga Mat Grip+,Sport,8527,-676,1760,747
2026-02-13,WB-3002,Resistance Bands Set,Sport,9668,155,1095,965
2026-02-13,WB-4001,LED Desk Lamp Slim,Home,5302,601,833,607
2026-02-13,WB-4002,Organizer Box Set,Home,6356,229,1049,1266
2026-02-14,WB-1001,Power Blender X,Kitchen,25240,1642,2636,612
2026-02-14,WB-1002,Air Fryer Pro 5L,Kitchen,14157,577,2895,1023
2026-02-14,WB-2001,Vitamin D3 2000IU,Health,9031,370,1790,1206
2026-02-14,WB-2002,Omega-3 Ultra,Health,16135,207,2312,652
2026-02-14,WB-3001,Yoga Mat Grip+,Sport,8410,742,718,939
2026-02-14,WB-3002,Resistance Bands Set,Sport,11763,418,2333,514
2026-02-14,WB-4001,LED Desk Lamp Slim,Home,8353,878,1178,1110
2026-02-14,WB-4002,Organizer Box Set,Home,6727,704,1142,706
2026-02-15,WB-1001,Power Blender X,Kitchen,22788,1812,1871,548
2026-02-15,WB-1002,Air Fryer Pro 5L,Kitchen,21072,572,4472,638
2026-02-15,WB-2001,Vitamin D3 2000IU,Health,15193,490,1914,1887
2026-02-15,WB-2002,Omega-3 Ultra,Health,13097,647,2318,1997
2026-02-15,WB-3001,Yoga Mat Grip+,Sport,8807,300,1739,1034
2026-02-15,WB-3002,Resistance Bands Set,Sport,8604,256,1561,550
2026-02-15,WB-4001,LED Desk Lamp Slim,Home,5588,-193,934,1622
2026-02-15,WB-4002,Organizer Box Set,Home,5258,280,440,1646
2026-02-16,WB-1001,Power Blender X,Kitchen,16045,397,1602,356
2026-02-16,WB-1002,Air Fryer Pro 5L,Kitchen,20427,1283,3446,1044
2026-02-16,WB-2001,Vitamin D3 2000IU,Health,8352,129,1358,1749
2026-02-16,WB-2002,Omega-3 Ultra,Health,14684,-1088,3006,1826
2026-02-16,WB-3001,Yoga Mat Grip+,Sport,11610,-870,2463,461
2026-02-16,WB-3002,Resistance Bands Set,Sport,6555,1120,555,994
2026-02-16,WB-4001,LED Desk Lamp Slim,Home,7657,195,1497,799
2026-02-16,WB-4002,Organizer Box Set,Home,5039,743,472,690
2026-02-17,WB-1001,Power Blender X,Kitchen,15721,-250,2190,569
2026-02-17,WB-1002,Air Fryer Pro 5L,Kitchen,15260,-19,2749,632
2026-02-17,WB-2001,Vitamin D3 2000IU,Health,15897,1681,2392,1442
2026-02-17,WB-2002,Omega-3 Ultra,Health,8060,420,1110,1680
2026-02-17,WB-3001,Yoga Mat Grip+,Sport,8034,220,1435,470
2026-02-17,WB-3002,Resistance Bands Set,Sport,11282,1787,1046,429
2026-02-17,WB-4001,LED Desk Lamp Slim,Home,4556,609,493,1710
2026-02-17,WB-4002,Organizer Box Set,Home,4571,228,679,1471
2026-02-18,WB-1001,Power Blender X,Kitchen,14024,369,2092,1138
2026-02-18,WB-1002,Air Fryer Pro 5L,Kitchen,14983,-699,3178,527
2026-02-18,WB-2001,Vitamin D3 2000IU,Health,13675,-166,2048,1470
2026-02-18,WB-2002,Omega-3 Ultra,Health,8479,350,1613,1701
2026-02-18,WB-3001,Yoga Mat Grip+,Sport,9805,534,1272,627
2026-02-18,WB-3002,Resistance Bands Set,Sport,11459,1949,1054,302
2026-02-18,WB-4001,LED Desk Lamp Slim,Home,5559,819,649,1081
2026-02-18,WB-4002,Organizer Box Set,Home,6408,-296,1305,1028
2026-02-19,WB-1001,Power Blender X,Kitchen,18397,1010,3414,954
2026-02-19,WB-1002,Air Fryer Pro 5L,Kitchen,16090,307,2023,1149
2026-02-19,WB-2001,Vitamin D3 2000IU,Health,13361,-490,2456,1165
2026-02-19,WB-2002,Omega-3 Ultra,Health,14296,-298,2302,1201
2026-02-19,WB-3001,Yoga Mat Grip+,Sport,11426,427,1294,545
2026-02-19,WB-3002,Resistance Bands Set,Sport,10279,-548,2036,417
2026-02-19,WB-4001,LED Desk Lamp Slim,Home,5763,449,724,632
2026-02-19,WB-4002,Organizer Box Set,Home,6157,1044,655,1381
2026-02-20,WB-1001,Power Blender X,Kitchen,14930,-1170,3205,695
2026-02-20,WB-1002,Air Fryer Pro 5L,Kitchen,27710,1276,5300,745
2026-02-20,WB-2001,Vitamin D3 2000IU,Health,10865,-349,1839,807
2026-02-20,WB-2002,Omega-3 Ultra,Health,12721,1260,1078,1708
2026-02-20,WB-3001,Yoga Mat Grip+,Sport,11751,836,1763,687
2026-02-20,WB-3002,Resistance Bands Set,Sport,7754,157,1275,932
2026-02-20,WB-4001,LED Desk Lamp Slim,Home,10349,742,1450,1408
2026-02-20,WB-4002,Organizer Box Set,Home,7605,940,851,1581
2026-02-21,WB-1001,Power Blender X,Kitchen,24670,1934,4391,987
2026-02-21,WB-1002,Air Fryer Pro 5L,Kitchen,22750,604,3265,936
2026-02-21,WB-2001,Vitamin D3 2000IU,Health,9915,1055,1375,1588
2026-02-21,WB-2002,Omega-3 Ultra,Health,15052,1095,1731,1190
2026-02-21,WB-3001,Yoga Mat Grip+,Sport,11230,1019,1541,1098
2026-02-21,WB-3002,Resistance Bands Set,Sport,8053,587,1382,622
2026-02-21,WB-4001,LED Desk Lamp Slim,Home,7992,-721,1729,1137
2026-02-21,WB-4002,Organizer Box Set,Home,0,-182,182,1675
2026-02-22,WB-1001,Power Blender X,Kitchen,14217,1803,1830,767
2026-02-22,WB-1002,Air Fryer Pro 5L,Kitchen,14282,-342,2093,1099
2026-02-22,WB-2001,Vitamin D3 2000IU,Health,10907,1207,1396,1193
2026-02-22,WB-2002,Omega-3 Ultra,Health,16118,1555,1704,1926
2026-02-22,WB-3001,Yoga Mat Grip+,Sport,10443,585,1733,502
2026-02-22,WB-3002,Resistance Bands Set,Sport,8255,358,731,1085
2026-02-22,WB-4001,LED Desk Lamp Slim,Home,7629,292,1331,564
2026-02-22,WB-4002,Organizer Box Set,Home,0,-255,255,1660
2026-02-23,WB-1001,Power Blender X,Kitchen,18341,2523,2029,703
2026-02-23,WB-1002,Air Fryer Pro 5L,Kitchen,14371,2101,1409,1116
2026-02-23,WB-2001,Vitamin D3 2000IU,Health,13128,843,1912,838
2026-02-23,WB-2002,Omega-3 Ultra,Health,15896,1475,2057,1750
2026-02-23,WB-3001,Yoga Mat Grip+,Sport,10991,237,1599,762
2026-02-23,WB-3002,Resistance Bands Set,Sport,6638,-131,1305,1028
2026-02-23,WB-4001,LED Desk Lamp Slim,Home,5860,163,777,982
2026-02-23,WB-4002,Organizer Box Set,Home,0,-195,195,1483
2026-02-24,WB-1001,Power Blender X,Kitchen,21766,2058,2832,632
2026-02-24,WB-1002,Air Fryer Pro 5L,Kitchen,17809,-597,2978,1203
2026-02-24,WB-2001,Vitamin D3 2000IU,Health,9083,537,1112,621
2026-02-24,WB-2002,Omega-3 Ultra,Health,12542,1823,1573,1307
2026-02-24,WB-3001,Yoga Mat Grip+,Sport,8024,510,1296,464
2026-02-24,WB-3002,Resistance Bands Set,Sport,6303,607,762,789
2026-02-24,WB-4001,LED Desk Lamp Slim,Home,8735,754,925,1456
2026-02-24,WB-4002,Organizer Box Set,Home,0,-206,206,1465
2026-02-25,WB-1001,Power Blender X,Kitchen,13815,174,2828,1088
2026-02-25,WB-1002,Air Fryer Pro 5L,Kitchen,20122,824,4127,1145
2026-02-25,WB-2001,Vitamin D3 2000IU,Health,9457,264,1673,1632
2026-02-25,WB-2002,Omega-3 Ultra,Health,11484,60,2337,897
2026-02-25,WB-3001,Yoga Mat Grip+,Sport,7325,728,728,331
2026-02-25,WB-3002,Resistance Bands Set,Sport,8792,865,881,718
2026-02-25,WB-4001,LED Desk Lamp Slim,Home,7193,-573,1444,1529
2026-02-25,WB-4002,Organizer Box Set,Home,0,-339,339,1076
2026-02-26,WB-1001,Power Blender X,Kitchen,15439,663,2241,1304
2026-02-26,WB-1002,Air Fryer Pro 5L,Kitchen,20216,1463,2128,955
2026-02-26,WB-2001,Vitamin D3 2000IU,Health,7972,1208,688,2028
2026-02-26,WB-2002,Omega-3 Ultra,Health,14592,1522,1359,1656
2026-02-26,WB-3001,Yoga Mat Grip+,Sport,6760,518,742,391
2026-02-26,WB-3002,Resistance Bands Set,Sport,6445,15,1110,965
2026-02-26,WB-4001,LED Desk Lamp Slim,Home,7265,-306,1509,871
2026-02-26,WB-4002,Organizer Box Set,Home,0,-228,228,1511
2026-02-27,WB-1001,Power Blender X,Kitchen,17698,-199,3466,813
2026-02-27,WB-1002,Air Fryer Pro 5L,Kitchen,17391,2175,2624,963
2026-02-27,WB-2001,Vitamin D3 2000IU,Health,16620,738,2099,950
2026-02-27,WB-2002,Omega-3 Ultra,Health,14635,1121,2471,551
2026-02-27,WB-3001,Yoga Mat Grip+,Sport,11963,39,2440,323
2026-02-27,WB-3002,Resistance Bands Set,Sport,8903,619,719,1090
2026-02-27,WB-4001,LED Desk Lamp Slim,Home,8662,642,1490,1620
2026-02-27,WB-4002,Organizer Box Set,Home,0,-413,413,614
2026-02-28,WB-1001,Power Blender X,Kitchen,23216,1944,4097,397
2026-02-28,WB-1002,Air Fryer Pro 5L,Kitchen,14026,720,2366,487
2026-02-28,WB-2001,Vitamin D3 2000IU,Health,15380,-217,3101,644
2026-02-28,WB-2002,Omega-3 Ultra,Health,17958,3190,1470,703
2026-02-28,WB-3001,Yoga Mat Grip+,Sport,8968,704,1609,442
2026-02-28,WB-3002,Resistance Bands Set,Sport,6975,892,577,788
2026-02-28,WB-4001,LED Desk Lamp Slim,Home,10381,559,1553,1508
2026-02-28,WB-4002,Organizer Box Set,Home,0,-496,496,1179
2026-03-01,WB-1001,Power Blender X,Kitchen,23274,-470,3316,698
2026-03-01,WB-1002,Air Fryer Pro 5L,Kitchen,19158,1258,4047,785
2026-03-01,WB-2001,Vitamin D3 2000IU,Health,11264,1451,1062,816
2026-03-01,WB-2002,Omega-3 Ultra,Health,9074,350,745,1542
2026-03-01,WB-3001,Yoga Mat Grip+,Sport,6616,-536,1424,1045
2026-03-01,WB-3002,Resistance Bands Set,Sport,6662,1017,549,493
2026-03-01,WB-4001,LED Desk Lamp Slim,Home,8144,177,865,1441
2026-03-01,WB-4002,Organizer Box Set,Home,0,-465,465,611
2026-03-02,WB-1001,Power Blender X,Kitchen,21267,1875,2574,808
2026-03-02,WB-1002,Air Fryer Pro 5L,Kitchen,20136,1240,4119,367
2026-03-02,WB-2001,Vitamin D3 2000IU,Health,8068,1395,713,1547
2026-03-02,WB-2002,Omega-3 Ultra,Health,12993,462,1746,1414
2026-03-02,WB-3001,Yoga Mat Grip+,Sport,11883,244,2339,558
2026-03-02,WB-3002,Resistance Bands Set,Sport,11827,157,2151,426
2026-03-02,WB-4001,LED Desk Lamp Slim,Home,9285,1637,894,636
2026-03-02,WB-4002,Organizer Box Set,Home,0,-510,510,929
2026-03-03,WB-1001,Power Blender X,Kitchen,21606,719,4586,876
2026-03-03,WB-1002,Air Fryer Pro 5L,Kitchen,15384,2882,1361,1011
2026-03-03,WB-2001,Vitamin D3 2000IU,Health,14750,1334,1865,1995
2026-03-03,WB-2002,Omega-3 Ultra,Health,14782,77,2426,1149
2026-03-03,WB-3001,Yoga Mat Grip+,Sport,11445,1108,1519,809
2026-03-03,WB-3002,Resistance Bands Set,Sport,11495,-318,2219,281
2026-03-03,WB-4001,LED Desk Lamp Slim,Home,5838,436,812,1497
2026-03-03,WB-4002,Organizer Box Set,Home,0,-554,554,800
2026-03-04,WB-1001,Power Blender X,Kitchen,13472,999,2757,460
2026-03-04,WB-1002,Air Fryer Pro 5L,Kitchen,23989,385,4596,1084
2026-03-04,WB-2001,Vitamin D3 2000IU,Health,11999,619,1857,1236
2026-03-04,WB-2002,Omega-3 Ultra,Health,11006,498,2094,2002
2026-03-04,WB-3001,Yoga Mat Grip+,Sport,7799,743,686,903
2026-03-04,WB-3002,Resistance Bands Set,Sport,11683,-473,1893,618
2026-03-04,WB-4001,LED Desk Lamp Slim,Home,7198,156,1116,502
2026-03-04,WB-4002,Organizer Box Set,Home,0,-303,303,1603
2026-03-05,WB-1001,Power Blender X,Kitchen,22852,987,3497,898
2026-03-05,WB-1002,Air Fryer Pro 5L,Kitchen,14083,592,1505,1009
2026-03-05,WB-2001,Vitamin D3 2000IU,Health,10847,276,1724,1286
2026-03-05,WB-2002,Omega-3 Ultra,Health,9051,1750,780,1066
2026-03-05,WB-3001,Yoga Mat Grip+,Sport,6518,505,1098,417
2026-03-05,WB-3002,Resistance Bands Set,Sport,9612,719,1233,298
2026-03-05,WB-4001,LED Desk Lamp Slim,Home,4714,188,1030,1061
2026-03-05,WB-4002,Organizer Box Set,Home,0,-390,390,1641
2026-03-06,WB-1001,Power Blender X,Kitchen,17509,1714,1638,902
2026-03-06,WB-1002,Air Fryer Pro 5L,Kitchen,22275,3490,2190,650
2026-03-06,WB-2001,Vitamin D3 2000IU,Health,18577,-157,2469,543
2026-03-06,WB-2002,Omega-3 Ultra,Health,12540,240,2241,1792
2026-03-06,WB-3001,Yoga Mat Grip+,Sport,13210,285,2652,1091
2026-03-06,WB-3002,Resistance Bands Set,Sport,11845,929,1096,485
2026-03-06,WB-4001,LED Desk Lamp Slim,Home,5738,-44,1198,661
2026-03-06,WB-4002,Organizer Box Set,Home,0,-535,535,1694
2026-03-07,WB-1001,Power Blender X,Kitchen,27824,421,3089,568
2026-03-07,WB-1002,Air Fryer Pro 5L,Kitchen,18555,1083,3829,1143
2026-03-07,WB-2001,Vitamin D3 2000IU,Health,9424,409,1791,1485
2026-03-07,WB-2002,Omega-3 Ultra,Health,18489,1024,1623,1652
2026-03-07,WB-3001,Yoga Mat Grip+,Sport,13533,-94,2365,800
2026-03-07,WB-3002,Resistance Bands Set,Sport,12218,942,1157,506
2026-03-07,WB-4001,LED Desk Lamp Slim,Home,5932,-2,874,734
2026-03-07,WB-4002,Organizer Box Set,Home,0,-173,173,1597
2026-03-08,WB-1001,Power Blender X,Kitchen,17595,705,3655,470
2026-03-08,WB-1002,Air Fryer Pro 5L,Kitchen,22193,2842,2017,684
2026-03-08,WB-2001,Vitamin D3 2000IU,Health,14092,1188,2662,1915
2026-03-08,WB-2002,Omega-3 Ultra,Health,11034,540,916,1987
2026-03-08,WB-3001,Yoga Mat Grip+,Sport,7882,203,888,602
2026-03-08,WB-3002,Resistance Bands Set,Sport,7941,-271,1453,677
2026-03-08,WB-4001,LED Desk Lamp Slim,Home,8907,22,1259,972
2026-03-08,WB-4002,Organizer Box Set,Home,0,-226,226,777
2026-03-09,WB-1001,Power Blender X,Kitchen,22278,446,2825,801
2026-03-09,WB-1002,Air Fryer Pro 5L,Kitchen,15707,-1070,3242,1283
2026-03-09,WB-2001,Vitamin D3 2000IU,Health,8277,179,1699,815
2026-03-09,WB-2002,Omega-3 Ultra,Health,11810,486,1418,800
2026-03-09,WB-3001,Yoga Mat Grip+,Sport,8144,496,1781,1094
2026-03-09,WB-3002,Resistance Bands Set,Sport,6464,923,779,330
2026-03-09,WB-4001,LED Desk Lamp Slim,Home,8109,1261,981,441
2026-03-09,WB-4002,Organizer Box Set,Home,0,-513,513,1094
2026-03-10,WB-1001,Power Blender X,Kitchen,17281,1390,3292,598
2026-03-10,WB-1002,Air Fryer Pro 5L,Kitchen,16237,1619,1391,589
2026-03-10,WB-2001,Vitamin D3 2000IU,Health,9317,50,1845,844
2026-03-10,WB-2002,Omega-3 Ultra,Health,9275,822,1521,1859
2026-03-10,WB-3001,Yoga Mat Grip+,Sport,10454,-402,1950,400
2026-03-10,WB-3002,Resistance Bands Set,Sport,10070,-172,1691,551
2026-03-10,WB-4001,LED Desk Lamp Slim,Home,4599,121,813,1530
2026-03-10,WB-4002,Organizer Box Set,Home,0,-569,569,1490
2026-03-11,WB-1001,Power Blender X,Kitchen,15923,963,3150,803
2026-03-11,WB-1002,Air Fryer Pro 5L,Kitchen,11894,-132,2467,1178
2026-03-11,WB-2001,Vitamin D3 2000IU,Health,10036,1475,1064,1055
2026-03-11,WB-2002,Omega-3 Ultra,Health,9173,763,1210,497
2026-03-11,WB-3001,Yoga Mat Grip+,Sport,9124,548,1299,386
2026-03-11,WB-3002,Resistance Bands Set,Sport,10351,664,2011,562
2026-03-11,WB-4001,LED Desk Lamp Slim,Home,8034,858,1071,500
2026-03-11,WB-4002,Organizer Box Set,Home,0,-546,546,1384
2026-03-12,WB-1001,Power Blender X,Kitchen,17325,2861,1448,448
2026-03-12,WB-1002,Air Fryer Pro 5L,Kitchen,14768,1870,1364,481
2026-03-12,WB-2001,Vitamin D3 2000IU,Health,10420,1200,1643,519
2026-03-12,WB-2002,Omega-3 Ultra,Health,15581,-335,2857,1779
2026-03-12,WB-3001,Yoga Mat Grip+,Sport,9862,130,1429,670
2026-03-12,WB-3002,Resistance Bands Set,Sport,8059,447,750,520
2026-03-12,WB-4001,LED Desk Lamp Slim,Home,6827,545,1106,565
2026-03-12,WB-4002,Organizer Box Set,Home,0,-162,162,600
2026-03-13,WB-1001,Power Blender X,Kitchen,22030,-1255,4418,882
2026-03-13,WB-1002,Air Fryer Pro 5L,Kitchen,24272,3620,2500,1243
2026-03-13,WB-2001,Vitamin D3 2000IU,Health,12725,1469,1767,1299
2026-03-13,WB-2002,Omega-3 Ultra,Health,12791,416,2708,1011
2026-03-13,WB-3001,Yoga Mat Grip+,Sport,8469,532,1074,1143
2026-03-13,WB-3002,Resistance Bands Set,Sport,12555,535,2608,1025
2026-03-13,WB-4001,LED Desk Lamp Slim,Home,5534,669,843,1653
2026-03-13,WB-4002,Organizer Box Set,Home,0,-227,227,1295
2026-03-14,WB-1001,Power Blender X,Kitchen,13622,746,1297,636
2026-03-14,WB-1002,Air Fryer Pro 5L,Kitchen,16364,-287,2842,731
2026-03-14,WB-2001,Vitamin D3 2000IU,Health,12805,-345,2812,562
2026-03-14,WB-2002,Omega-3 Ultra,Health,18438,-1655,3987,1823
2026-03-14,WB-3001,Yoga Mat Grip+,Sport,11226,126,2340,832
2026-03-14,WB-3002,Resistance Bands Set,Sport,12569,642,1068,387
2026-03-14,WB-4001,LED Desk Lamp Slim,Home,5309,70,600,569
2026-03-14,WB-4002,Organizer Box Set,Home,0,-277,277,578
2026-03-15,WB-1001,Power Blender X,Kitchen,19188,-223,4103,580
2026-03-15,WB-1002,Air Fryer Pro 5L,Kitchen,17576,-192,2719,437
2026-03-15,WB-2001,Vitamin D3 2000IU,Health,8903,569,1078,933
2026-03-15,WB-2002,Omega-3 Ultra,Health,9844,1133,908,1783
2026-03-15,WB-3001,Yoga Mat Grip+,Sport,9692,622,1549,457
2026-03-15,WB-3002,Resistance Bands Set,Sport,10325,652,1492,819
2026-03-15,WB-4001,LED Desk Lamp Slim,Home,6847,242,845,712
2026-03-15,WB-4002,Organizer Box Set,Home,0,-362,362,1699
2026-03-16,WB-1001,Power Blender X,Kitchen,16695,-1058,3495,1257
2026-03-16,WB-1002,Air Fryer Pro 5L,Kitchen,15781,594,1981,1184
2026-03-16,WB-2001,Vitamin D3 2000IU,Health,9615,342,845,1338
2026-03-16,WB-2002,Omega-3 Ultra,Health,12889,1244,1659,1286
2026-03-16,WB-3001,Yoga Mat Grip+,Sport,11106,1249,1439,738
2026-03-16,WB-3002,Resistance Bands Set,Sport,12082,1143,2112,646
2026-03-16,WB-4001,LED Desk Lamp Slim,Home,7824,413,779,1226
2026-03-16,WB-4002,Organizer Box Set,Home,0,-241,241,1103
2026-03-17,WB-1001,Power Blender X,Kitchen,21008,1208,3866,785
2026-03-17,WB-1002,Air Fryer Pro 5L,Kitchen,21590,1882,3868,440
2026-03-17,WB-2001,Vitamin D3 2000IU,Health,15114,2447,1218,1392
2026-03-17,WB-2002,Omega-3 Ultra,Health,11982,-38,2573,1133
2026-03-17,WB-3001,Yoga Mat Grip+,Sport,10787,162,2180,614
2026-03-17,WB-3002,Resistance Bands Set,Sport,8699,797,1253,537
2026-03-17,WB-4001,LED Desk Lamp Slim,Home,6464,154,1019,845
2026-03-17,WB-4002,Organizer Box Set,Home,0,-502,502,1726
2026-03-18,WB-1001,Power Blender X,Kitchen,16496,1384,2012,1109
2026-03-18,WB-1002,Air Fryer Pro 5L,Kitchen,17189,418,2282,1128
2026-03-18,WB-2001,Vitamin D3 2000IU,Health,10572,18,2279,863
2026-03-18,WB-2002,Omega-3 Ultra,Health,10536,490,2276,1962
2026-03-18,WB-3001,Yoga Mat Grip+,Sport,6011,886,696,543
2026-03-18,WB-3002,Resistance Bands Set,Sport,9229,881,1141,664
2026-03-18,WB-4001,LED Desk Lamp Slim,Home,8595,60,1562,1032
2026-03-18,WB-4002,Organizer Box Set,Home,0,-120,120,883
2026-03-19,WB-1001,Power Blender X,Kitchen,23643,694,4130,412
2026-03-19,WB-1002,Air Fryer Pro 5L,Kitchen,16417,1210,2234,883
2026-03-19,WB-2001,Vitamin D3 2000IU,Health,15190,-260,3266,1167
2026-03-19,WB-2002,Omega-3 Ultra,Health,13046,-580,2863,1306
2026-03-19,WB-3001,Yoga Mat Grip+,Sport,10990,737,1141,1141
2026-03-19,WB-3002,Resistance Bands Set,Sport,11053,-155,1677,1067
2026-03-19,WB-4001,LED Desk Lamp Slim,Home,7930,663,1545,1592
2026-03-19,WB-4002,Organizer Box Set,Home,0,-315,315,1111
2026-03-20,WB-1001,Power Blender X,Kitchen,25281,3889,2757,723
2026-03-20,WB-1002,Air Fryer Pro 5L,Kitchen,14326,-315,2279,879
2026-03-20,WB-2001,Vitamin D3 2000IU,Health,15068,745,2730,506
2026-03-20,WB-2002,Omega-3 Ultra,Health,8996,261,1614,1902
2026-03-20,WB-3001,Yoga Mat Grip+,Sport,9607,275,901,305
2026-03-20,WB-3002,Resistance Bands Set,Sport,7996,184,1500,1046
2026-03-20,WB-4001,LED Desk Lamp Slim,Home,10279,-92,1562,682
2026-03-20,WB-4002,Organizer Box Set,Home,0,-408,408,626
2026-03-21,WB-1001,Power Blender X,Kitchen,24460,1005,2321,483
2026-03-21,WB-1002,Air Fryer Pro 5L,Kitchen,21025,481,4104,1113
2026-03-21,WB-2001,Vitamin D3 2000IU,Health,9570,1546,782,987
2026-03-21,WB-2002,Omega-3 Ultra,Health,15881,279,2057,900
2026-03-21,WB-3001,Yoga Mat Grip+,Sport,7448,49,1538,587
2026-03-21,WB-3002,Resistance Bands Set,Sport,9986,-52,1338,1063
2026-03-21,WB-4001,LED Desk Lamp Slim,Home,8515,-204,1825,1238
2026-03-21,WB-4002,Organizer Box Set,Home,0,-227,227,630
2026-03-22,WB-1001,Power Blender X,Kitchen,19096,319,1991,1173
2026-03-22,WB-1002,Air Fryer Pro 5L,Kitchen,17438,379,2416,1192
2026-03-22,WB-2001,Vitamin D3 2000IU,Health,16028,2227,1433,1529
2026-03-22,WB-2002,Omega-3 Ultra,Health,12712,584,1752,1586
2026-03-22,WB-3001,Yoga Mat Grip+,Sport,5991,-404,1207,429
2026-03-22,WB-3002,Resistance Bands Set,Sport,8237,1484,667,628
2026-03-22,WB-4001,LED Desk Lamp Slim,Home,6328,838,803,863
2026-03-22,WB-4002,Organizer Box Set,Home,0,-433,433,582
2026-03-23,WB-1001,Power Blender X,Kitchen,22105,663,2855,504
2026-03-23,WB-1002,Air Fryer Pro 5L,Kitchen,15273,190,1728,972
2026-03-23,WB-2001,Vitamin D3 2000IU,Health,10667,1398,1086,632
2026-03-23,WB-2002,Omega-3 Ultra,Health,10065,-567,1981,1172
2026-03-23,WB-3001,Yoga Mat Grip+,Sport,11118,-524,2142,590
2026-03-23,WB-3002,Resistance Bands Set,Sport,10401,1463,1380,463
2026-03-23,WB-4001,LED Desk Lamp Slim,Home,9209,52,1387,1017
2026-03-23,WB-4002,Organizer Box Set,Home,0,-167,167,1737
2026-03-24,WB-1001,Power Blender X,Kitchen,19209,2627,2720,844
2026-03-24,WB-1002,Air Fryer Pro 5L,Kitchen,16792,-189,2542,1058
2026-03-24,WB-2001,Vitamin D3 2000IU,Health,13493,2206,1252,1623
2026-03-24,WB-2002,Omega-3 Ultra,Health,14224,2146,1195,713
2026-03-24,WB-3001,Yoga Mat Grip+,Sport,5944,307,1066,963
2026-03-24,WB-3002,Resistance Bands Set,Sport,7308,1142,777,339
2026-03-24,WB-4001,LED Desk Lamp Slim,Home,9027,439,1739,674
2026-03-24,WB-4002,Organizer Box Set,Home,0,-467,467,718
2026-03-25,WB-1001,Power Blender X,Kitchen,13289,-200,2396,714
2026-03-25,WB-1002,Air Fryer Pro 5L,Kitchen,23152,1684,4364,1167
2026-03-25,WB-2001,Vitamin D3 2000IU,Health,8910,54,1057,1536
2026-03-25,WB-2002,Omega-3 Ultra,Health,13374,760,1727,1504
2026-03-25,WB-3001,Yoga Mat Grip+,Sport,10255,1442,1177,589
2026-03-25,WB-3002,Resistance Bands Set,Sport,9811,324,1034,1083
2026-03-25,WB-4001,LED Desk Lamp Slim,Home,8146,-433,1464,472
2026-03-25,WB-4002,Organizer Box Set,Home,0,-182,182,1419
2026-03-26,WB-1001,Power Blender X,Kitchen,13667,341,2506,938
2026-03-26,WB-1002,Air Fryer Pro 5L,Kitchen,23563,-61,3747,807
2026-03-26,WB-2001,Vitamin D3 2000IU,Health,12174,215,2551,1375
2026-03-26,WB-2002,Omega-3 Ultra,Health,15659,2295,1497,1499
2026-03-26,WB-3001,Yoga Mat Grip+,Sport,11526,128,2334,892
2026-03-26,WB-3002,Resistance Bands Set,Sport,11987,-591,2101,560
2026-03-26,WB-4001,LED Desk Lamp Slim,Home,8357,1152,1072,970
2026-03-26,WB-4002,Organizer Box Set,Home,0,-480,480,1406
2026-03-27,WB-1001,Power Blender X,Kitchen,25463,382,3039,1251
2026-03-27,WB-1002,Air Fryer Pro 5L,Kitchen,19598,400,4120,1046
2026-03-27,WB-2001,Vitamin D3 2000IU,Health,16987,417,2852,573
2026-03-27,WB-2002,Omega-3 Ultra,Health,15715,973,2199,1919
2026-03-27,WB-3001,Yoga Mat Grip+,Sport,7652,-456,1428,898
2026-03-27,WB-3002,Resistance Bands Set,Sport,12565,1142,1464,1133
2026-03-27,WB-4001,LED Desk Lamp Slim,Home,8824,34,1377,498
2026-03-27,WB-4002,Organizer Box Set,Home,0,-283,283,542
2026-03-28,WB-1001,Power Blender X,Kitchen,22677,2962,2249,796
2026-03-28,WB-1002,Air Fryer Pro 5L,Kitchen,20450,-1182,3656,999
2026-03-28,WB-2001,Vitamin D3 2000IU,Health,10255,635,1740,695
2026-03-28,WB-2002,Omega-3 Ultra,Health,15806,-58,2564,1459
2026-03-28,WB-3001,Yoga Mat Grip+,Sport,7582,994,1057,875
2026-03-28,WB-3002,Resistance Bands Set,Sport,7848,292,1703,637
2026-03-28,WB-4001,LED Desk Lamp Slim,Home,6395,-348,1129,1062
2026-03-28,WB-4002,Organizer Box Set,Home,0,-122,122,790
2026-03-29,WB-1001,Power Blender X,Kitchen,14183,191,2527,426
2026-03-29,WB-1002,Air Fryer Pro 5L,Kitchen,15788,513,2298,481
2026-03-29,WB-2001,Vitamin D3 2000IU,Health,8403,1658,684,1645
2026-03-29,WB-2002,Omega-3 Ultra,Health,8505,820,1534,1358
2026-03-29,WB-3001,Yoga Mat Grip+,Sport,6535,268,970,447
2026-03-29,WB-3002,Resistance Bands Set,Sport,9271,1724,752,847
2026-03-29,WB-4001,LED Desk Lamp Slim,Home,7625,103,1608,751
2026-03-29,WB-4002,Organizer Box Set,Home,0,-225,225,1406
2026-03-30,WB-1001,Power Blender X,Kitchen,12018,95,1626,679
2026-03-30,WB-1002,Air Fryer Pro 5L,Kitchen,23821,2614,3657,990
2026-03-30,WB-2001,Vitamin D3 2000IU,Health,8658,-94,1563,1439
2026-03-30,WB-2002,Omega-3 Ultra,Health,10986,70,1874,844
2026-03-30,WB-3001,Yoga Mat Grip+,Sport,6708,304,1400,503
2026-03-30,WB-3002,Resistance Bands Set,Sport,6213,953,590,1090
2026-03-30,WB-4001,LED Desk Lamp Slim,Home,9449,-78,1289,705
2026-03-30,WB-4002,Organizer Box Set,Home,0,-316,316,627
2026-03-31,WB-1001,Power Blender X,Kitchen,15474,-440,2496,996
2026-03-31,WB-1002,Air Fryer Pro 5L,Kitchen,13761,1832,1954,403
2026-03-31,WB-2001,Vitamin D3 2000IU,Health,8135,73,1151,1603
2026-03-31,WB-2002,Omega-3 Ultra,Health,7823,463,1546,1701
2026-03-31,WB-3001,Yoga Mat Grip+,Sport,8530,906,1020,732
2026-03-31,WB-3002,Resistance Bands Set,Sport,8503,534,1083,866
2026-03-31,WB-4001,LED Desk Lamp Slim,Home,8597,-517,1775,810
2026-03-31,WB-4002,Organizer Box Set,Home,0,-326,326,1311
2026-04-01,WB-1001,Power Blender X,Kitchen,18850,1153,2745,826
2026-04-01,WB-1002,Air Fryer Pro 5L,Kitchen,17097,1116,2647,467
2026-04-01,WB-2001,Vitamin D3 2000IU,Health,11171,-359,1846,1736
2026-04-01,WB-2002,Omega-3 Ultra,Health,13871,1372,1753,1360
2026-04-01,WB-3001,Yoga Mat Grip+,Sport,8503,794,1119,400
2026-04-01,WB-3002,Resistance Bands Set,Sport,11301,759,1743,1026
2026-04-01,WB-4001,LED Desk Lamp Slim,Home,5640,265,1035,613
2026-04-01,WB-4002,Organizer Box Set,Home,0,-396,396,1186
2026-04-02,WB-1001,Power Blender X,Kitchen,16946,951,2613,707
2026-04-02,WB-1002,Air Fryer Pro 5L,Kitchen,13139,2064,1383,857
2026-04-02,WB-2001,Vitamin D3 2000IU,Health,8743,-350,1754,636
2026-04-02,WB-2002,Omega-3 Ultra,Health,12258,1018,1412,1343
2026-04-02,WB-3001,Yoga Mat Grip+,Sport,7277,-160,1165,731
2026-04-02,WB-3002,Resistance Bands Set,Sport,9557,899,871,344
2026-04-02,WB-4001,LED Desk Lamp Slim,Home,6703,48,1346,1363
2026-04-02,WB-4002,Organizer Box Set,Home,0,-487,487,1247
